,WattHour
0,90.0
1,90.0
2,90.0
3,90.0
4,90.0
5,90.0
6,70.0
7,70.0
8,70.0
9,70.0
10,60.0
11,70.0
12,50.0
13,50.0
14,50.0
15,50.0
16,50.0
17,50.0
18,40.0
19,40.0
20,40.0
21,40.0
22,40.0
23,40.0
24,40.0
25,40.0
26,40.0
27,40.0
28,40.0
29,40.0
30,40.0
31,40.0
32,40.0
33,40.0
34,40.0
35,40.0
36,40.0
37,40.0
38,40.0
39,40.0
40,40.0
41,40.0
42,40.0
43,40.0
44,40.0
45,40.0
46,40.0
47,40.0
48,40.0
49,40.0
50,40.0
51,40.0
52,40.0
53,40.0
54,50.0
55,50.0
56,50.0
57,50.0
58,50.0
59,50.0
60,70.0
61,60.0
62,50.0
63,50.0
64,60.0
65,50.0
66,70.0
67,100.0
68,90.0
69,60.0
70,70.0
71,100.0
72,110.0
73,100.0
74,100.0
75,100.0
76,70.0
77,70.0
78,100.0
79,80.0
80,90.0
81,100.0
82,90.0
83,100.0
84,100.0
85,100.0
86,100.0
87,100.0
88,100.0
89,100.0
90,100.0
91,100.0
92,90.0
93,90.0
94,90.0
95,90.0
96,90.0
97,90.0
98,90.0
99,80.0
100,80.0
101,100.0
102,80.0
103,80.0
104,80.0
105,90.0
106,80.0
107,80.0
108,90.0
109,80.0
110,80.0
111,80.0
112,80.0
113,80.0
114,90.0
115,80.0
116,80.0
117,90.0
118,90.0
119,80.0
120,90.0
121,100.0
122,90.0
123,90.0
124,90.0
125,80.0
126,90.0
127,100.0
128,100.0
129,90.0
130,90.0
131,100.0
132,100.0
133,90.0
134,90.0
135,100.0
136,100.0
137,100.0
138,100.0
139,100.0
140,100.0
141,90.0
142,90.0
143,100.0
144,80.0
145,80.0
146,80.0
147,80.0
148,90.0
149,80.0
150,60.0
151,60.0
152,50.0
153,50.0
154,50.0
155,50.0
156,40.0
157,40.0
158,40.0
159,40.0
160,50.0
161,50.0
162,40.0
163,40.0
164,40.0
165,40.0
166,40.0
167,40.0
168,40.0
169,40.0
170,40.0
171,40.0
172,40.0
173,40.0
174,40.0
175,40.0
176,40.0
177,40.0
178,40.0
179,40.0
180,40.0
181,40.0
182,40.0
183,40.0
184,40.0
185,40.0
186,40.0
187,40.0
188,40.0
189,40.0
190,40.0
191,40.0
192,40.0
193,40.0
194,40.0
195,40.0
196,40.0
197,40.0
198,60.0
199,40.0
200,50.0
201,40.0
202,40.0
203,50.0
204,60.0
205,50.0
206,50.0
207,50.0
208,60.0
209,50.0
210,80.0
211,90.0
212,60.0
213,80.0
214,80.0
215,80.0
216,100.0
217,100.0
218,80.0
219,110.0
220,90.0
221,80.0
222,90.0
223,90.0
224,90.0
225,90.0
226,90.0
227,80.0
228,70.0
229,100.0
230,100.0
231,100.0
232,80.0
233,100.0
234,90.0
235,100.0
236,110.0
237,110.0
238,100.0
239,90.0
240,90.0
241,100.0
242,90.0
243,100.0
244,100.0
245,90.0
246,80.0
247,80.0
248,80.0
249,90.0
250,70.0
251,80.0
252,90.0
253,100.0
254,80.0
255,80.0
256,90.0
257,80.0
258,90.0
259,80.0
260,80.0
261,80.0
262,80.0
263,80.0
264,110.0
265,100.0
266,100.0
267,90.0
268,80.0
269,80.0
270,100.0
271,100.0
272,100.0
273,90.0
274,90.0
275,90.0
276,100.0
277,100.0
278,100.0
279,110.0
280,110.0
281,110.0
282,100.0
283,110.0
284,110.0
285,110.0
286,100.0
287,110.0
288,80.0
289,90.0
290,90.0
291,90.0
292,90.0
293,90.0
294,60.0
295,70.0
296,60.0
297,70.0
298,70.0
299,60.0
300,50.0
301,40.0
302,50.0
303,50.0
304,50.0
305,50.0
306,40.0
307,40.0
308,40.0
309,40.0
310,40.0
311,40.0
312,40.0
313,40.0
314,40.0
315,40.0
316,40.0
317,40.0
318,40.0
319,40.0
320,40.0
321,40.0
322,40.0
323,40.0
324,40.0
325,40.0
326,40.0
327,40.0
328,40.0
329,40.0
330,40.0
331,40.0
332,40.0
333,40.0
334,40.0
335,40.0
336,40.0
337,40.0
338,40.0
339,40.0
340,40.0
341,40.0
342,70.0
343,60.0
344,50.0
345,60.0
346,50.0
347,50.0
348,50.0
349,60.0
350,60.0
351,50.0
352,80.0
353,90.0
354,60.0
355,90.0
356,70.0
357,60.0
358,60.0
359,80.0
360,90.0
361,90.0
362,100.0
363,100.0
364,100.0
365,100.0
366,100.0
367,90.0
368,100.0
369,80.0
370,100.0
371,100.0
372,110.0
373,70.0
374,90.0
375,100.0
376,100.0
377,80.0
378,100.0
379,90.0
380,90.0
381,110.0
382,90.0
383,90.0
384,90.0
385,100.0
386,80.0
387,90.0
388,80.0
389,90.0
390,80.0
391,90.0
392,80.0
393,80.0
394,80.0
395,80.0
396,80.0
397,80.0
398,90.0
399,90.0
400,80.0
401,90.0
402,80.0
403,90.0
404,90.0
405,80.0
406,70.0
407,80.0
408,90.0
409,80.0
410,110.0
411,100.0
412,100.0
413,90.0
414,120.0
415,120.0
416,120.0
417,120.0
418,120.0
419,120.0
420,110.0
421,110.0
422,120.0
423,120.0
424,120.0
425,120.0
426,100.0
427,110.0
428,100.0
429,100.0
430,100.0
431,100.0
432,90.0
433,90.0
434,90.0
435,90.0
436,90.0
437,90.0
438,70.0
439,70.0
440,60.0
441,70.0
442,70.0
443,60.0
444,50.0
445,50.0
446,50.0
447,50.0
448,50.0
449,50.0
450,40.0
451,40.0
452,40.0
453,40.0
454,40.0
455,40.0
456,40.0
457,40.0
458,40.0
459,40.0
460,40.0
461,40.0
462,40.0
463,40.0
464,40.0
465,40.0
466,40.0
467,40.0
468,40.0
469,40.0
470,40.0
471,40.0
472,40.0
473,40.0
474,40.0
475,40.0
476,40.0
477,40.0
478,40.0
479,40.0
480,40.0
481,40.0
482,40.0
483,40.0
484,40.0
485,40.0
486,40.0
487,50.0
488,40.0
489,40.0
490,40.0
491,40.0
492,50.0
493,70.0
494,60.0
495,50.0
496,70.0
497,50.0
498,80.0
499,80.0
500,60.0
501,90.0
502,60.0
503,70.0
504,90.0
505,100.0
506,90.0
507,90.0
508,100.0
509,70.0
510,70.0
511,90.0
512,80.0
513,80.0
514,90.0
515,90.0
516,70.0
517,90.0
518,90.0
519,90.0
520,80.0
521,70.0
522,100.0
523,100.0
524,90.0
525,100.0
526,90.0
527,90.0
528,90.0
529,100.0
530,100.0
531,90.0
532,90.0
533,80.0
534,80.0
535,90.0
536,80.0
537,80.0
538,80.0
539,80.0
540,90.0
541,80.0
542,90.0
543,80.0
544,80.0
545,90.0
546,80.0
547,80.0
548,80.0
549,80.0
550,80.0
551,70.0
552,100.0
553,100.0
554,100.0
555,100.0
556,90.0
557,90.0
558,90.0
559,90.0
560,80.0
561,80.0
562,70.0
563,70.0
564,70.0
565,70.0
566,70.0
567,80.0
568,80.0
569,80.0
570,90.0
571,90.0
572,90.0
573,90.0
574,100.0
575,100.0
576,90.0
577,90.0
578,90.0
579,90.0
580,90.0
581,90.0
582,60.0
583,70.0
584,70.0
585,70.0
586,70.0
587,70.0
588,50.0
589,50.0
590,50.0
591,50.0
592,50.0
593,50.0
594,40.0
595,40.0
596,40.0
597,40.0
598,40.0
599,40.0
600,40.0
601,40.0
602,40.0
603,40.0
604,40.0
605,40.0
606,40.0
607,40.0
608,40.0
609,40.0
610,40.0
611,40.0
612,40.0
613,40.0
614,40.0
615,40.0
616,40.0
617,40.0
618,40.0
619,40.0
620,40.0
621,40.0
622,40.0
623,40.0
624,40.0
625,40.0
626,40.0
627,40.0
628,40.0
629,40.0
630,60.0
631,50.0
632,50.0
633,50.0
634,50.0
635,50.0
636,50.0
637,70.0
638,60.0
639,70.0
640,70.0
641,60.0
642,60.0
643,80.0
644,90.0
645,80.0
646,90.0
647,90.0
648,60.0
649,70.0
650,90.0
651,80.0
652,90.0
653,90.0
654,80.0
655,100.0
656,90.0
657,80.0
658,80.0
659,90.0
660,90.0
661,100.0
662,90.0
663,80.0
664,90.0
665,80.0
666,80.0
667,80.0
668,100.0
669,90.0
670,90.0
671,90.0
672,80.0
673,90.0
674,100.0
675,80.0
676,80.0
677,80.0
678,80.0
679,80.0
680,80.0
681,80.0
682,80.0
683,90.0
684,80.0
685,80.0
686,80.0
687,80.0
688,80.0
689,80.0
690,80.0
691,90.0
692,80.0
693,80.0
694,80.0
695,80.0
696,90.0
697,80.0
698,80.0
699,80.0
700,80.0
701,80.0
702,90.0
703,90.0
704,90.0
705,100.0
706,90.0
707,90.0
708,90.0
709,90.0
710,90.0
711,90.0
712,90.0
713,90.0
714,80.0
715,80.0
716,90.0
717,90.0
718,90.0
719,90.0
720,70.0
721,70.0
722,70.0
723,70.0
724,70.0
725,70.0
726,50.0
727,50.0
728,50.0
729,50.0
730,50.0
731,50.0
732,40.0
733,40.0
734,40.0
735,40.0
736,40.0
737,40.0
738,50.0
739,40.0
740,50.0
741,40.0
742,50.0
743,40.0
744,40.0
745,40.0
746,40.0
747,40.0
748,40.0
749,50.0
750,40.0
751,50.0
752,40.0
753,40.0
754,40.0
755,40.0
756,40.0
757,40.0
758,50.0
759,40.0
760,40.0
761,40.0
762,40.0
763,40.0
764,40.0
765,40.0
766,40.0
767,40.0
768,40.0
769,40.0
770,40.0
771,50.0
772,40.0
773,40.0
774,40.0
775,60.0
776,40.0
777,50.0
778,50.0
779,50.0
780,70.0
781,90.0
782,50.0
783,80.0
784,60.0
785,50.0
786,60.0
787,80.0
788,90.0
789,80.0
790,80.0
791,80.0
792,80.0
793,90.0
794,90.0
795,70.0
796,90.0
797,90.0
798,100.0
799,80.0
800,60.0
801,90.0
802,90.0
803,90.0
804,90.0
805,70.0
806,100.0
807,90.0
808,70.0
809,90.0
810,90.0
811,90.0
812,80.0
813,80.0
814,90.0
815,70.0
816,90.0
817,90.0
818,100.0
819,90.0
820,90.0
821,80.0
822,90.0
823,80.0
824,90.0
825,80.0
826,70.0
827,80.0
828,80.0
829,80.0
830,90.0
831,80.0
832,80.0
833,80.0
834,90.0
835,80.0
836,80.0
837,80.0
838,80.0
839,80.0
840,80.0
841,80.0
842,90.0
843,90.0
844,80.0
845,80.0
846,90.0
847,80.0
848,80.0
849,80.0
850,80.0
851,80.0
852,80.0
853,80.0
854,80.0
855,80.0
856,80.0
857,80.0
858,80.0
859,80.0
860,80.0
861,90.0
862,90.0
863,90.0
864,70.0
865,70.0
866,70.0
867,70.0
868,80.0
869,80.0
870,50.0
871,50.0
872,60.0
873,60.0
874,60.0
875,60.0
876,50.0
877,50.0
878,50.0
879,50.0
880,50.0
881,50.0
882,40.0
883,40.0
884,40.0
885,40.0
886,40.0
887,40.0
888,40.0
889,40.0
890,40.0
891,40.0
892,40.0
893,40.0
894,40.0
895,40.0
896,40.0
897,40.0
898,40.0
899,40.0
900,40.0
901,40.0
902,40.0
903,40.0
904,40.0
905,40.0
906,40.0
907,40.0
908,40.0
909,40.0
910,40.0
911,40.0
912,40.0
913,40.0
914,40.0
915,40.0
916,40.0
917,40.0
918,40.0
919,40.0
920,40.0
921,50.0
922,40.0
923,40.0
924,80.0
925,60.0
926,60.0
927,60.0
928,50.0
929,70.0
930,80.0
931,80.0
932,100.0
933,90.0
934,60.0
935,60.0
936,90.0
937,60.0
938,100.0
939,90.0
940,70.0
941,90.0
942,80.0
943,80.0
944,70.0
945,100.0
946,100.0
947,90.0
948,100.0
949,90.0
950,80.0
951,80.0
952,90.0
953,80.0
954,100.0
955,100.0
956,90.0
957,80.0
958,90.0
959,80.0
960,90.0
961,90.0
962,90.0
963,100.0
964,90.0
965,80.0
966,90.0
967,80.0
968,80.0
969,80.0
970,80.0
971,90.0
972,90.0
973,100.0
974,90.0
975,80.0
976,80.0
977,80.0
978,80.0
979,80.0
980,80.0
981,100.0
982,80.0
983,80.0
984,100.0
985,100.0
986,100.0
987,100.0
988,90.0
989,100.0
990,110.0
991,100.0
992,110.0
993,110.0
994,110.0
995,110.0
996,110.0
997,120.0
998,110.0
999,120.0
1000,120.0
1001,120.0
1002,100.0
1003,100.0
1004,100.0
1005,100.0
1006,100.0
1007,100.0
1008,80.0
1009,90.0
1010,90.0
1011,90.0
1012,90.0
1013,80.0
1014,60.0
1015,60.0
1016,60.0
1017,60.0
1018,60.0
1019,60.0
1020,50.0
1021,50.0
1022,50.0
1023,50.0
1024,50.0
1025,50.0
1026,40.0
1027,40.0
1028,40.0
1029,40.0
1030,40.0
1031,40.0
1032,40.0
1033,40.0
1034,40.0
1035,40.0
1036,40.0
1037,40.0
1038,40.0
1039,40.0
1040,40.0
1041,40.0
1042,40.0
1043,40.0
1044,40.0
1045,40.0
1046,40.0
1047,40.0
1048,40.0
1049,40.0
1050,40.0
1051,40.0
1052,40.0
1053,40.0
1054,40.0
1055,40.0
1056,40.0
1057,40.0
1058,40.0
1059,40.0
1060,40.0
1061,40.0
1062,40.0
1063,40.0
1064,40.0
1065,40.0
1066,40.0
1067,40.0
1068,60.0
1069,80.0
1070,60.0
1071,50.0
1072,60.0
1073,70.0
1074,60.0
1075,90.0
1076,90.0
1077,60.0
1078,60.0
1079,60.0
1080,70.0
1081,90.0
1082,80.0
1083,70.0
1084,90.0
1085,90.0
1086,60.0
1087,100.0
1088,80.0
1089,80.0
1090,90.0
1091,70.0
1092,70.0
1093,90.0
1094,60.0
1095,90.0
1096,90.0
1097,100.0
1098,100.0
1099,70.0
1100,90.0
1101,100.0
1102,90.0
1103,100.0
1104,100.0
1105,110.0
1106,110.0
1107,90.0
1108,90.0
1109,100.0
1110,100.0
1111,90.0
1112,80.0
1113,100.0
1114,100.0
1115,100.0
1116,90.0
1117,90.0
1118,90.0
1119,80.0
1120,80.0
1121,80.0
1122,80.0
1123,80.0
1124,80.0
1125,80.0
1126,80.0
1127,80.0
1128,100.0
1129,90.0
1130,90.0
1131,90.0
1132,90.0
1133,80.0
1134,80.0
1135,80.0
1136,80.0
1137,80.0
1138,80.0
1139,70.0
1140,80.0
1141,70.0
1142,80.0
1143,80.0
1144,80.0
1145,80.0
1146,80.0
1147,80.0
1148,80.0
1149,80.0
1150,80.0
1151,80.0
1152,70.0
1153,70.0
1154,70.0
1155,70.0
1156,70.0
1157,70.0
1158,50.0
1159,60.0
1160,60.0
1161,60.0
1162,60.0
1163,60.0
1164,50.0
1165,50.0
1166,50.0
1167,50.0
1168,50.0
1169,50.0
1170,50.0
1171,50.0
1172,50.0
1173,50.0
1174,50.0
1175,50.0
1176,50.0
1177,50.0
1178,50.0
1179,50.0
1180,60.0
1181,60.0
1182,60.0
1183,60.0
1184,60.0
1185,50.0
1186,50.0
1187,50.0
1188,50.0
1189,50.0
1190,50.0
1191,50.0
1192,50.0
1193,50.0
1194,50.0
1195,50.0
1196,50.0
1197,50.0
1198,50.0
1199,50.0
1200,50.0
1201,50.0
1202,50.0
1203,50.0
1204,50.0
1205,50.0
1206,50.0
1207,50.0
1208,50.0
1209,50.0
1210,50.0
1211,50.0
1212,60.0
1213,60.0
1214,60.0
1215,60.0
1216,60.0
1217,70.0
1218,60.0
1219,60.0
1220,60.0
1221,60.0
1222,80.0
1223,50.0
1224,90.0
1225,90.0
1226,60.0
1227,60.0
1228,60.0
1229,60.0
1230,70.0
1231,90.0
1232,90.0
1233,90.0
1234,90.0
1235,90.0
1236,90.0
1237,90.0
1238,90.0
1239,100.0
1240,80.0
1241,90.0
1242,100.0
1243,100.0
1244,100.0
1245,100.0
1246,110.0
1247,70.0
1248,70.0
1249,90.0
1250,100.0
1251,90.0
1252,90.0
1253,80.0
1254,80.0
1255,80.0
1256,80.0
1257,80.0
1258,80.0
1259,70.0
1260,80.0
1261,80.0
1262,80.0
1263,80.0
1264,80.0
1265,80.0
1266,80.0
1267,80.0
1268,80.0
1269,80.0
1270,80.0
1271,80.0
1272,90.0
1273,100.0
1274,100.0
1275,100.0
1276,100.0
1277,110.0
1278,110.0
1279,100.0
1280,110.0
1281,120.0
1282,110.0
1283,110.0
1284,110.0
1285,120.0
1286,120.0
1287,120.0
1288,120.0
1289,120.0
1290,100.0
1291,100.0
1292,100.0
1293,100.0
1294,100.0
1295,100.0
1296,80.0
1297,90.0
1298,90.0
1299,90.0
1300,80.0
1301,90.0
1302,70.0
1303,70.0
1304,60.0
1305,60.0
1306,60.0
1307,60.0
1308,50.0
1309,50.0
1310,50.0
1311,40.0
1312,40.0
1313,50.0
1314,40.0
1315,40.0
1316,40.0
1317,40.0
1318,40.0
1319,40.0
1320,40.0
1321,40.0
1322,40.0
1323,40.0
1324,40.0
1325,40.0
1326,40.0
1327,40.0
1328,40.0
1329,40.0
1330,40.0
1331,40.0
1332,40.0
1333,40.0
1334,40.0
1335,40.0
1336,40.0
1337,40.0
1338,40.0
1339,40.0
1340,40.0
1341,40.0
1342,40.0
1343,40.0
1344,40.0
1345,40.0
1346,40.0
1347,40.0
1348,40.0
1349,40.0
1350,40.0
1351,40.0
1352,40.0
1353,40.0
1354,40.0
1355,50.0
1356,70.0
1357,70.0
1358,60.0
1359,60.0
1360,50.0
1361,50.0
1362,60.0
1363,80.0
1364,60.0
1365,60.0
1366,70.0
1367,60.0
1368,70.0
1369,70.0
1370,90.0
1371,70.0
1372,100.0
1373,70.0
1374,100.0
1375,90.0
1376,100.0
1377,100.0
1378,100.0
1379,100.0
1380,70.0
1381,100.0
1382,100.0
1383,90.0
1384,90.0
1385,100.0
1386,90.0
1387,90.0
1388,100.0
1389,100.0
1390,70.0
1391,80.0
1392,90.0
1393,100.0
1394,80.0
1395,100.0
1396,100.0
1397,100.0
1398,100.0
1399,100.0
1400,100.0
1401,100.0
1402,110.0
1403,90.0
1404,80.0
1405,100.0
1406,90.0
1407,80.0
1408,80.0
1409,80.0
1410,80.0
1411,80.0
1412,80.0
1413,90.0
1414,90.0
1415,80.0
1416,100.0
1417,120.0
1418,100.0
1419,100.0
1420,100.0
1421,100.0
1422,110.0
1423,120.0
1424,120.0
1425,120.0
1426,130.0
1427,110.0
1428,120.0
1429,120.0
1430,110.0
1431,120.0
1432,120.0
1433,120.0
1434,100.0
1435,100.0
1436,100.0
1437,100.0
1438,100.0
1439,100.0
1440,70.0
1441,70.0
1442,80.0
1443,80.0
1444,80.0
1445,80.0
1446,60.0
1447,60.0
1448,60.0
1449,60.0
1450,60.0
1451,60.0
1452,40.0
1453,50.0
1454,50.0
1455,40.0
1456,50.0
1457,50.0
1458,40.0
1459,40.0
1460,40.0
1461,40.0
1462,40.0
1463,40.0
1464,40.0
1465,40.0
1466,40.0
1467,40.0
1468,40.0
1469,40.0
1470,40.0
1471,40.0
1472,40.0
1473,40.0
1474,40.0
1475,40.0
1476,40.0
1477,40.0
1478,40.0
1479,40.0
1480,40.0
1481,40.0
1482,40.0
1483,40.0
1484,40.0
1485,40.0
1486,40.0
1487,40.0
1488,40.0
1489,40.0
1490,40.0
1491,40.0
1492,40.0
1493,40.0
1494,40.0
1495,60.0
1496,50.0
1497,40.0
1498,50.0
1499,40.0
1500,50.0
1501,50.0
1502,50.0
1503,50.0
1504,60.0
1505,50.0
1506,90.0
1507,90.0
1508,90.0
1509,60.0
1510,90.0
1511,60.0
1512,100.0
1513,80.0
1514,100.0
1515,90.0
1516,100.0
1517,110.0
1518,70.0
1519,100.0
1520,100.0
1521,70.0
1522,60.0
1523,70.0
1524,60.0
1525,100.0
1526,80.0
1527,80.0
1528,80.0
1529,80.0
1530,90.0
1531,100.0
1532,90.0
1533,90.0
1534,90.0
1535,100.0
1536,100.0
1537,100.0
1538,100.0
1539,100.0
1540,110.0
1541,100.0
1542,90.0
1543,100.0
1544,100.0
1545,100.0
1546,100.0
1547,100.0
1548,90.0
1549,90.0
1550,90.0
1551,80.0
1552,80.0
1553,80.0
1554,80.0
1555,80.0
1556,80.0
1557,80.0
1558,80.0
1559,80.0
1560,100.0
1561,90.0
1562,110.0
1563,100.0
1564,100.0
1565,100.0
1566,100.0
1567,120.0
1568,120.0
1569,120.0
1570,120.0
1571,90.0
1572,120.0
1573,110.0
1574,110.0
1575,100.0
1576,100.0
1577,100.0
1578,90.0
1579,90.0
1580,90.0
1581,80.0
1582,80.0
1583,80.0
1584,70.0
1585,70.0
1586,70.0
1587,70.0
1588,70.0
1589,70.0
1590,50.0
1591,50.0
1592,50.0
1593,50.0
1594,50.0
1595,50.0
1596,40.0
1597,40.0
1598,40.0
1599,40.0
1600,40.0
1601,40.0
1602,50.0
1603,50.0
1604,50.0
1605,50.0
1606,50.0
1607,40.0
1608,50.0
1609,40.0
1610,40.0
1611,40.0
1612,50.0
1613,50.0
1614,40.0
1615,50.0
1616,50.0
1617,50.0
1618,50.0
1619,50.0
1620,50.0
1621,50.0
1622,50.0
1623,50.0
1624,50.0
1625,50.0
1626,50.0
1627,50.0
1628,50.0
1629,50.0
1630,50.0
1631,50.0
1632,50.0
1633,50.0
1634,50.0
1635,50.0
1636,50.0
1637,50.0
1638,50.0
1639,50.0
1640,50.0
1641,60.0
1642,50.0
1643,50.0
1644,60.0
1645,60.0
1646,60.0
1647,60.0
1648,80.0
1649,60.0
1650,80.0
1651,80.0
1652,70.0
1653,100.0
1654,70.0
1655,100.0
1656,70.0
1657,80.0
1658,70.0
1659,70.0
1660,90.0
1661,70.0
1662,80.0
1663,90.0
1664,90.0
1665,70.0
1666,80.0
1667,90.0
1668,100.0
1669,100.0
1670,90.0
1671,100.0
1672,90.0
1673,80.0
1674,90.0
1675,90.0
1676,90.0
1677,90.0
1678,90.0
1679,100.0
1680,100.0
1681,80.0
1682,80.0
1683,80.0
1684,80.0
1685,90.0
1686,80.0
1687,90.0
1688,90.0
1689,80.0
1690,90.0
1691,90.0
1692,80.0
1693,80.0
1694,80.0
1695,80.0
1696,80.0
1697,90.0
1698,80.0
1699,90.0
1700,80.0
1701,80.0
1702,80.0
1703,80.0
1704,80.0
1705,80.0
1706,80.0
1707,80.0
1708,80.0
1709,80.0
1710,80.0
1711,80.0
1712,80.0
1713,80.0
1714,80.0
1715,80.0
1716,80.0
1717,80.0
1718,80.0
1719,80.0
1720,90.0
1721,80.0
1722,80.0
1723,80.0
1724,80.0
1725,80.0
1726,80.0
1727,90.0
1728,70.0
1729,70.0
1730,70.0
1731,70.0
1732,70.0
1733,80.0
1734,50.0
1735,50.0
1736,60.0
1737,50.0
1738,60.0
1739,50.0
1740,40.0
1741,40.0
1742,40.0
1743,50.0
1744,50.0
1745,50.0
1746,50.0
1747,50.0
1748,50.0
1749,50.0
1750,50.0
1751,50.0
1752,50.0
1753,50.0
1754,50.0
1755,50.0
1756,50.0
1757,40.0
1758,40.0
1759,40.0
1760,40.0
1761,40.0
1762,40.0
1763,40.0
1764,40.0
1765,40.0
1766,40.0
1767,40.0
1768,40.0
1769,40.0
1770,40.0
1771,40.0
1772,40.0
1773,40.0
1774,40.0
1775,40.0
1776,40.0
1777,40.0
1778,40.0
1779,40.0
1780,50.0
1781,50.0
1782,50.0
1783,50.0
1784,50.0
1785,50.0
1786,70.0
1787,50.0
1788,60.0
1789,60.0
1790,60.0
1791,60.0
1792,60.0
1793,60.0
1794,60.0
1795,90.0
1796,100.0
1797,60.0
1798,60.0
1799,60.0
1800,90.0
1801,80.0
1802,70.0
1803,60.0
1804,80.0
1805,70.0
1806,90.0
1807,90.0
1808,90.0
1809,80.0
1810,80.0
1811,80.0
1812,100.0
1813,100.0
1814,100.0
1815,90.0
1816,100.0
1817,90.0
1818,100.0
1819,100.0
1820,100.0
1821,100.0
1822,110.0
1823,110.0
1824,80.0
1825,100.0
1826,100.0
1827,100.0
1828,80.0
1829,90.0
1830,80.0
1831,90.0
1832,90.0
1833,70.0
1834,70.0
1835,80.0
1836,80.0
1837,80.0
1838,80.0
1839,70.0
1840,70.0
1841,80.0
1842,80.0
1843,80.0
1844,80.0
1845,80.0
1846,80.0
1847,80.0
1848,90.0
1849,100.0
1850,100.0
1851,90.0
1852,100.0
1853,90.0
1854,90.0
1855,90.0
1856,100.0
1857,100.0
1858,100.0
1859,100.0
1860,90.0
1861,100.0
1862,90.0
1863,90.0
1864,90.0
1865,90.0
1866,80.0
1867,90.0
1868,90.0
1869,90.0
1870,90.0
1871,90.0
1872,70.0
1873,70.0
1874,70.0
1875,70.0
1876,70.0
1877,70.0
1878,50.0
1879,50.0
1880,50.0
1881,50.0
1882,50.0
1883,50.0
1884,40.0
1885,40.0
1886,40.0
1887,40.0
1888,40.0
1889,40.0
1890,50.0
1891,50.0
1892,50.0
1893,50.0
1894,50.0
1895,50.0
1896,50.0
1897,50.0
1898,50.0
1899,50.0
1900,50.0
1901,50.0
1902,40.0
1903,50.0
1904,50.0
1905,50.0
1906,50.0
1907,50.0
1908,50.0
1909,50.0
1910,50.0
1911,50.0
1912,50.0
1913,50.0
1914,50.0
1915,50.0
1916,50.0
1917,50.0
1918,50.0
1919,50.0
1920,50.0
1921,50.0
1922,50.0
1923,50.0
1924,50.0
1925,50.0
1926,50.0
1927,50.0
1928,60.0
1929,50.0
1930,50.0
1931,50.0
1932,60.0
1933,60.0
1934,60.0
1935,60.0
1936,80.0
1937,70.0
1938,60.0
1939,80.0
1940,70.0
1941,60.0
1942,70.0
1943,60.0
1944,100.0
1945,90.0
1946,70.0
1947,100.0
1948,70.0
1949,70.0
1950,80.0
1951,90.0
1952,90.0
1953,90.0
1954,100.0
1955,100.0
1956,100.0
1957,90.0
1958,100.0
1959,90.0
1960,100.0
1961,90.0
1962,100.0
1963,100.0
1964,100.0
1965,80.0
1966,100.0
1967,100.0
1968,100.0
1969,80.0
1970,80.0
1971,80.0
1972,80.0
1973,90.0
1974,80.0
1975,80.0
1976,90.0
1977,80.0
1978,80.0
1979,80.0
1980,80.0
1981,80.0
1982,90.0
1983,90.0
1984,80.0
1985,80.0
1986,90.0
1987,90.0
1988,80.0
1989,80.0
1990,80.0
1991,80.0
1992,90.0
1993,90.0
1994,110.0
1995,90.0
1996,100.0
1997,110.0
1998,110.0
1999,120.0
2000,110.0
2001,110.0
2002,120.0
2003,100.0
2004,100.0
2005,100.0
2006,100.0
2007,100.0
2008,100.0
2009,100.0
2010,90.0
2011,90.0
2012,80.0
2013,80.0
2014,80.0
2015,80.0
2016,70.0
2017,70.0
2018,70.0
2019,70.0
2020,70.0
2021,70.0
2022,60.0
2023,60.0
2024,60.0
2025,60.0
2026,60.0
2027,50.0
2028,50.0
2029,50.0
2030,50.0
2031,50.0
2032,50.0
2033,50.0
2034,50.0
2035,50.0
2036,50.0
2037,50.0
2038,50.0
2039,50.0
2040,50.0
2041,50.0
2042,50.0
2043,50.0
2044,50.0
2045,50.0
2046,50.0
2047,50.0
2048,50.0
2049,50.0
2050,50.0
2051,50.0
2052,50.0
2053,50.0
2054,50.0
2055,50.0
2056,50.0
2057,50.0
2058,50.0
2059,50.0
2060,50.0
2061,50.0
2062,50.0
2063,50.0
2064,50.0
2065,50.0
2066,50.0
2067,50.0
2068,50.0
2069,50.0
2070,50.0
2071,50.0
2072,50.0
2073,50.0
2074,50.0
2075,50.0
2076,70.0
2077,70.0
2078,60.0
2079,50.0
2080,50.0
2081,50.0
2082,80.0
2083,60.0
2084,50.0
2085,80.0
2086,60.0
2087,90.0
2088,60.0
2089,60.0
2090,90.0
2091,70.0
2092,60.0
2093,90.0
2094,100.0
2095,100.0
2096,90.0
2097,100.0
2098,70.0
2099,70.0
2100,80.0
2101,90.0
2102,90.0
2103,90.0
2104,110.0
2105,90.0
2106,90.0
2107,90.0
2108,90.0
2109,90.0
2110,100.0
2111,80.0
2112,100.0
2113,90.0
2114,80.0
2115,80.0
2116,100.0
2117,80.0
2118,100.0
2119,100.0
2120,90.0
2121,80.0
2122,80.0
2123,80.0
2124,80.0
2125,90.0
2126,80.0
2127,80.0
2128,80.0
2129,80.0
2130,80.0
2131,80.0
2132,80.0
2133,80.0
2134,80.0
2135,80.0
2136,90.0
2137,90.0
2138,80.0
2139,90.0
2140,90.0
2141,90.0
2142,90.0
2143,100.0
2144,90.0
2145,90.0
2146,90.0
2147,90.0
2148,90.0
2149,80.0
2150,90.0
2151,90.0
2152,90.0
2153,90.0
2154,80.0
2155,80.0
2156,80.0
2157,80.0
2158,80.0
2159,80.0
2160,70.0
2161,70.0
2162,70.0
2163,70.0
2164,70.0
2165,70.0
2166,70.0
2167,70.0
2168,60.0
2169,60.0
2170,60.0
2171,60.0
2172,50.0
2173,50.0
2174,60.0
2175,60.0
2176,60.0
2177,70.0
2178,60.0
2179,60.0
2180,50.0
2181,60.0
2182,50.0
2183,50.0
2184,50.0
2185,50.0
2186,50.0
2187,50.0
2188,50.0
2189,50.0
2190,50.0
2191,50.0
2192,50.0
2193,50.0
2194,50.0
2195,50.0
2196,50.0
2197,50.0
2198,50.0
2199,50.0
2200,50.0
2201,50.0
2202,50.0
2203,50.0
2204,50.0
2205,50.0
2206,50.0
2207,50.0
2208,50.0
2209,50.0
2210,50.0
2211,50.0
2212,60.0
2213,50.0
2214,50.0
2215,50.0
2216,60.0
2217,50.0
2218,50.0
2219,50.0
2220,60.0
2221,50.0
2222,50.0
2223,60.0
2224,60.0
2225,60.0
2226,60.0
2227,50.0
2228,70.0
2229,80.0
2230,80.0
2231,90.0
2232,70.0
2233,90.0
2234,90.0
2235,90.0
2236,70.0
2237,100.0
2238,100.0
2239,100.0
2240,100.0
2241,90.0
2242,100.0
2243,100.0
2244,100.0
2245,100.0
2246,100.0
2247,100.0
2248,100.0
2249,110.0
2250,100.0
2251,100.0
2252,100.0
2253,100.0
2254,100.0
2255,100.0
2256,90.0
2257,90.0
2258,100.0
2259,90.0
2260,90.0
2261,90.0
2262,90.0
2263,80.0
2264,80.0
2265,90.0
2266,90.0
2267,100.0
2268,90.0
2269,80.0
2270,80.0
2271,80.0
2272,80.0
2273,80.0
2274,70.0
2275,80.0
2276,80.0
2277,80.0
2278,70.0
2279,80.0
2280,80.0
2281,80.0
2282,80.0
2283,70.0
2284,80.0
2285,70.0
2286,70.0
2287,70.0
2288,70.0
2289,80.0
2290,80.0
2291,70.0
2292,70.0
2293,70.0
2294,70.0
2295,70.0
2296,80.0
2297,70.0
2298,70.0
2299,70.0
2300,70.0
2301,70.0
2302,80.0
2303,80.0
2304,70.0
2305,70.0
2306,70.0
2307,70.0
2308,70.0
2309,70.0
2310,50.0
2311,50.0
2312,50.0
2313,50.0
2314,50.0
2315,50.0
2316,40.0
2317,50.0
2318,50.0
2319,50.0
2320,50.0
2321,50.0
2322,50.0
2323,50.0
2324,50.0
2325,50.0
2326,50.0
2327,50.0
2328,50.0
2329,50.0
2330,50.0
2331,50.0
2332,50.0
2333,50.0
2334,50.0
2335,50.0
2336,50.0
2337,50.0
2338,50.0
2339,50.0
2340,50.0
2341,50.0
2342,50.0
2343,50.0
2344,50.0
2345,50.0
2346,50.0
2347,50.0
2348,50.0
2349,50.0
2350,50.0
2351,50.0
2352,50.0
2353,60.0
2354,50.0
2355,50.0
2356,50.0
2357,50.0
2358,50.0
2359,60.0
2360,50.0
2361,50.0
2362,50.0
2363,70.0
2364,50.0
2365,50.0
2366,50.0
2367,50.0
2368,50.0
2369,50.0
2370,60.0
2371,80.0
2372,70.0
2373,50.0
2374,50.0
2375,70.0
2376,70.0
2377,90.0
2378,90.0
2379,70.0
2380,70.0
2381,70.0
2382,110.0
2383,110.0
2384,100.0
2385,90.0
2386,100.0
2387,90.0
2388,90.0
2389,100.0
2390,100.0
2391,100.0
2392,90.0
2393,110.0
2394,90.0
2395,100.0
2396,90.0
2397,80.0
2398,90.0
2399,100.0
2400,90.0
2401,90.0
2402,80.0
2403,100.0
2404,80.0
2405,80.0
2406,80.0
2407,80.0
2408,90.0
2409,100.0
2410,80.0
2411,80.0
2412,70.0
2413,80.0
2414,80.0
2415,80.0
2416,80.0
2417,90.0
2418,80.0
2419,90.0
2420,90.0
2421,80.0
2422,80.0
2423,90.0
2424,80.0
2425,90.0
2426,90.0
2427,90.0
2428,90.0
2429,90.0
2430,120.0
2431,120.0
2432,110.0
2433,100.0
2434,100.0
2435,100.0
2436,90.0
2437,90.0
2438,100.0
2439,100.0
2440,100.0
2441,110.0
2442,100.0
2443,100.0
2444,100.0
2445,90.0
2446,90.0
2447,90.0
2448,70.0
2449,70.0
2450,70.0
2451,70.0
2452,70.0
2453,70.0
2454,70.0
2455,70.0
2456,70.0
2457,70.0
2458,70.0
2459,70.0
2460,70.0
2461,60.0
2462,60.0
2463,60.0
2464,60.0
2465,60.0
2466,50.0
2467,50.0
2468,50.0
2469,50.0
2470,50.0
2471,50.0
2472,40.0
2473,40.0
2474,50.0
2475,40.0
2476,40.0
2477,40.0
2478,40.0
2479,40.0
2480,40.0
2481,40.0
2482,40.0
2483,40.0
2484,40.0
2485,40.0
2486,40.0
2487,40.0
2488,40.0
2489,40.0
2490,40.0
2491,50.0
2492,50.0
2493,40.0
2494,50.0
2495,40.0
2496,50.0
2497,50.0
2498,50.0
2499,50.0
2500,50.0
2501,50.0
2502,50.0
2503,60.0
2504,50.0
2505,50.0
2506,50.0
2507,70.0
2508,60.0
2509,60.0
2510,90.0
2511,60.0
2512,90.0
2513,60.0
2514,70.0
2515,70.0
2516,70.0
2517,60.0
2518,70.0
2519,90.0
2520,70.0
2521,60.0
2522,80.0
2523,60.0
2524,90.0
2525,90.0
2526,70.0
2527,90.0
2528,90.0
2529,80.0
2530,70.0
2531,90.0
2532,100.0
2533,100.0
2534,90.0
2535,100.0
2536,90.0
2537,90.0
2538,100.0
2539,100.0
2540,80.0
2541,100.0
2542,100.0
2543,80.0
2544,80.0
2545,80.0
2546,80.0
2547,80.0
2548,80.0
2549,100.0
2550,80.0
2551,90.0
2552,80.0
2553,80.0
2554,80.0
2555,80.0
2556,80.0
2557,70.0
2558,80.0
2559,70.0
2560,70.0
2561,70.0
2562,80.0
2563,80.0
2564,80.0
2565,80.0
2566,80.0
2567,80.0
2568,90.0
2569,80.0
2570,80.0
2571,80.0
2572,80.0
2573,80.0
2574,70.0
2575,70.0
2576,70.0
2577,80.0
2578,80.0
2579,80.0
2580,90.0
2581,90.0
2582,90.0
2583,90.0
2584,90.0
2585,80.0
2586,80.0
2587,80.0
2588,80.0
2589,90.0
2590,90.0
2591,90.0
2592,70.0
2593,70.0
2594,70.0
2595,80.0
2596,70.0
2597,80.0
2598,50.0
2599,50.0
2600,60.0
2601,50.0
2602,50.0
2603,50.0
2604,50.0
2605,40.0
2606,40.0
2607,40.0
2608,40.0
2609,40.0
2610,40.0
2611,50.0
2612,50.0
2613,50.0
2614,50.0
2615,50.0
2616,50.0
2617,50.0
2618,50.0
2619,50.0
2620,50.0
2621,50.0
2622,50.0
2623,50.0
2624,50.0
2625,50.0
2626,50.0
2627,50.0
2628,50.0
2629,50.0
2630,50.0
2631,50.0
2632,50.0
2633,40.0
2634,50.0
2635,40.0
2636,40.0
2637,50.0
2638,40.0
2639,40.0
2640,50.0
2641,50.0
2642,50.0
2643,50.0
2644,50.0
2645,50.0
2646,50.0
2647,50.0
2648,50.0
2649,50.0
2650,50.0
2651,50.0
2652,70.0
2653,60.0
2654,60.0
2655,60.0
2656,60.0
2657,60.0
2658,90.0
2659,90.0
2660,90.0
2661,60.0
2662,80.0
2663,50.0
2664,90.0
2665,60.0
2666,90.0
2667,90.0
2668,90.0
2669,90.0
2670,100.0
2671,100.0
2672,80.0
2673,100.0
2674,100.0
2675,100.0
2676,100.0
2677,100.0
2678,100.0
2679,100.0
2680,110.0
2681,100.0
2682,100.0
2683,100.0
2684,100.0
2685,100.0
2686,100.0
2687,100.0
2688,90.0
2689,90.0
2690,90.0
2691,90.0
2692,90.0
2693,90.0
2694,80.0
2695,90.0
2696,80.0
2697,80.0
2698,80.0
2699,80.0
2700,70.0
2701,70.0
2702,80.0
2703,80.0
2704,70.0
2705,70.0
2706,80.0
2707,70.0
2708,70.0
2709,70.0
2710,70.0
2711,80.0
2712,80.0
2713,70.0
2714,70.0
2715,70.0
2716,70.0
2717,70.0
2718,70.0
2719,70.0
2720,70.0
2721,70.0
2722,70.0
2723,70.0
2724,70.0
2725,70.0
2726,70.0
2727,70.0
2728,70.0
2729,70.0
2730,80.0
2731,70.0
2732,70.0
2733,70.0
2734,70.0
2735,70.0
2736,70.0
2737,70.0
2738,70.0
2739,70.0
2740,70.0
2741,70.0
2742,70.0
2743,70.0
2744,70.0
2745,70.0
2746,70.0
2747,70.0
2748,70.0
2749,70.0
2750,70.0
2751,70.0
2752,70.0
2753,70.0
2754,60.0
2755,60.0
2756,50.0
2757,50.0
2758,50.0
2759,50.0
2760,50.0
2761,50.0
2762,50.0
2763,50.0
2764,50.0
2765,50.0
2766,50.0
2767,50.0
2768,50.0
2769,50.0
2770,50.0
2771,50.0
2772,50.0
2773,50.0
2774,50.0
2775,50.0
2776,50.0
2777,50.0
2778,50.0
2779,50.0
2780,50.0
2781,50.0
2782,50.0
2783,50.0
2784,50.0
2785,50.0
2786,60.0
2787,50.0
2788,50.0
2789,50.0
2790,70.0
2791,70.0
2792,50.0
2793,50.0
2794,50.0
2795,50.0
2796,70.0
2797,60.0
2798,50.0
2799,80.0
2800,50.0
2801,70.0
2802,70.0
2803,70.0
2804,70.0
2805,100.0
2806,60.0
2807,70.0
2808,70.0
2809,70.0
2810,80.0
2811,100.0
2812,100.0
2813,70.0
2814,90.0
2815,80.0
2816,120.0
2817,110.0
2818,100.0
2819,70.0
2820,90.0
2821,90.0
2822,100.0
2823,100.0
2824,100.0
2825,100.0
2826,100.0
2827,100.0
2828,100.0
2829,110.0
2830,100.0
2831,110.0
2832,90.0
2833,100.0
2834,90.0
2835,100.0
2836,90.0
2837,90.0
2838,90.0
2839,80.0
2840,80.0
2841,80.0
2842,80.0
2843,80.0
2844,80.0
2845,80.0
2846,80.0
2847,80.0
2848,80.0
2849,80.0
2850,80.0
2851,80.0
2852,80.0
2853,90.0
2854,80.0
2855,80.0
2856,90.0
2857,90.0
2858,100.0
2859,90.0
2860,90.0
2861,90.0
2862,120.0
2863,120.0
2864,120.0
2865,120.0
2866,110.0
2867,120.0
2868,100.0
2869,110.0
2870,110.0
2871,120.0
2872,120.0
2873,120.0
2874,100.0
2875,110.0
2876,110.0
2877,110.0
2878,100.0
2879,110.0
2880,90.0
2881,90.0
2882,90.0
2883,80.0
2884,80.0
2885,80.0
2886,50.0
2887,50.0
2888,50.0
2889,50.0
2890,60.0
2891,60.0
2892,40.0
2893,50.0
2894,50.0
2895,50.0
2896,40.0
2897,40.0
2898,40.0
2899,40.0
2900,40.0
2901,40.0
2902,40.0
2903,40.0
2904,40.0
2905,40.0
2906,40.0
2907,40.0
2908,40.0
2909,40.0
2910,40.0
2911,40.0
2912,40.0
2913,40.0
2914,40.0
2915,40.0
2916,40.0
2917,40.0
2918,40.0
2919,40.0
2920,40.0
2921,40.0
2922,40.0
2923,40.0
2924,40.0
2925,40.0
2926,40.0
2927,40.0
2928,40.0
2929,40.0
2930,40.0
2931,40.0
2932,40.0
2933,40.0
2934,60.0
2935,50.0
2936,50.0
2937,40.0
2938,60.0
2939,50.0
2940,60.0
2941,60.0
2942,80.0
2943,70.0
2944,80.0
2945,60.0
2946,80.0
2947,70.0
2948,60.0
2949,60.0
2950,80.0
2951,70.0
2952,100.0
2953,70.0
2954,70.0
2955,70.0
2956,80.0
2957,70.0
2958,90.0
2959,100.0
2960,90.0
2961,90.0
2962,110.0
2963,90.0
2964,100.0
2965,100.0
2966,90.0
2967,80.0
2968,100.0
2969,100.0
2970,100.0
2971,80.0
2972,100.0
2973,80.0
2974,110.0
2975,90.0
2976,90.0
2977,90.0
2978,100.0
2979,100.0
2980,90.0
2981,100.0
2982,80.0
2983,90.0
2984,80.0
2985,80.0
2986,80.0
2987,80.0
2988,70.0
2989,80.0
2990,70.0
2991,80.0
2992,80.0
2993,80.0
2994,90.0
2995,80.0
2996,80.0
2997,80.0
2998,80.0
2999,80.0
3000,110.0
3001,110.0
3002,100.0
3003,90.0
3004,90.0
3005,90.0
3006,110.0
3007,120.0
3008,110.0
3009,110.0
3010,110.0
3011,120.0
3012,100.0
3013,100.0
3014,100.0
3015,100.0
3016,90.0
3017,90.0
3018,80.0
3019,80.0
3020,80.0
3021,80.0
3022,90.0
3023,90.0
3024,70.0
3025,70.0
3026,70.0
3027,70.0
3028,70.0
3029,70.0
3030,60.0
3031,60.0
3032,60.0
3033,50.0
3034,60.0
3035,50.0
3036,50.0
3037,50.0
3038,40.0
3039,40.0
3040,40.0
3041,50.0
3042,40.0
3043,40.0
3044,40.0
3045,40.0
3046,40.0
3047,40.0
3048,40.0
3049,40.0
3050,40.0
3051,40.0
3052,40.0
3053,40.0
3054,40.0
3055,40.0
3056,40.0
3057,40.0
3058,40.0
3059,40.0
3060,40.0
3061,40.0
3062,40.0
3063,40.0
3064,40.0
3065,40.0
3066,40.0
3067,40.0
3068,40.0
3069,40.0
3070,40.0
3071,40.0
3072,40.0
3073,40.0
3074,40.0
3075,40.0
3076,40.0
3077,40.0
3078,40.0
3079,50.0
3080,50.0
3081,50.0
3082,50.0
3083,50.0
3084,60.0
3085,80.0
3086,60.0
3087,60.0
3088,70.0
3089,60.0
3090,90.0
3091,80.0
3092,90.0
3093,90.0
3094,60.0
3095,60.0
3096,70.0
3097,80.0
3098,100.0
3099,110.0
3100,70.0
3101,100.0
3102,80.0
3103,80.0
3104,90.0
3105,70.0
3106,90.0
3107,90.0
3108,70.0
3109,80.0
3110,70.0
3111,80.0
3112,100.0
3113,90.0
3114,90.0
3115,90.0
3116,90.0
3117,80.0
3118,70.0
3119,80.0
3120,80.0
3121,80.0
3122,100.0
3123,90.0
3124,90.0
3125,90.0
3126,70.0
3127,80.0
3128,90.0
3129,80.0
3130,80.0
3131,80.0
3132,80.0
3133,80.0
3134,80.0
3135,70.0
3136,80.0
3137,80.0
3138,80.0
3139,90.0
3140,80.0
3141,80.0
3142,80.0
3143,70.0
3144,90.0
3145,90.0
3146,100.0
3147,90.0
3148,80.0
3149,100.0
3150,120.0
3151,120.0
3152,120.0
3153,120.0
3154,120.0
3155,120.0
3156,120.0
3157,120.0
3158,120.0
3159,120.0
3160,120.0
3161,110.0
3162,100.0
3163,100.0
3164,100.0
3165,100.0
3166,100.0
3167,100.0
3168,70.0
3169,70.0
3170,80.0
3171,80.0
3172,80.0
3173,90.0
3174,60.0
3175,60.0
3176,60.0
3177,60.0
3178,60.0
3179,60.0
3180,40.0
3181,50.0
3182,40.0
3183,40.0
3184,50.0
3185,40.0
3186,40.0
3187,40.0
3188,40.0
3189,40.0
3190,40.0
3191,40.0
3192,40.0
3193,40.0
3194,40.0
3195,40.0
3196,40.0
3197,40.0
3198,40.0
3199,40.0
3200,40.0
3201,40.0
3202,50.0
3203,40.0
3204,50.0
3205,50.0
3206,50.0
3207,50.0
3208,50.0
3209,50.0
3210,50.0
3211,50.0
3212,50.0
3213,50.0
3214,50.0
3215,50.0
3216,50.0
3217,50.0
3218,50.0
3219,50.0
3220,50.0
3221,50.0
3222,50.0
3223,50.0
3224,50.0
3225,60.0
3226,60.0
3227,50.0
3228,50.0
3229,70.0
3230,50.0
3231,50.0
3232,50.0
3233,70.0
3234,70.0
3235,60.0
3236,60.0
3237,80.0
3238,70.0
3239,50.0
3240,90.0
3241,90.0
3242,70.0
3243,90.0
3244,60.0
3245,90.0
3246,80.0
3247,100.0
3248,100.0
3249,100.0
3250,100.0
3251,90.0
3252,100.0
3253,100.0
3254,100.0
3255,100.0
3256,100.0
3257,90.0
3258,100.0
3259,100.0
3260,90.0
3261,100.0
3262,90.0
3263,100.0
3264,80.0
3265,100.0
3266,80.0
3267,80.0
3268,90.0
3269,100.0
3270,90.0
3271,80.0
3272,80.0
3273,80.0
3274,80.0
3275,80.0
3276,80.0
3277,80.0
3278,70.0
3279,80.0
3280,70.0
3281,80.0
3282,80.0
3283,70.0
3284,70.0
3285,70.0
3286,70.0
3287,80.0
3288,80.0
3289,70.0
3290,70.0
3291,80.0
3292,80.0
3293,70.0
3294,70.0
3295,70.0
3296,70.0
3297,70.0
3298,70.0
3299,70.0
3300,70.0
3301,70.0
3302,80.0
3303,80.0
3304,80.0
3305,70.0
3306,70.0
3307,70.0
3308,70.0
3309,80.0
3310,70.0
3311,80.0
3312,80.0
3313,70.0
3314,70.0
3315,70.0
3316,70.0
3317,70.0
3318,60.0
3319,60.0
3320,60.0
3321,60.0
3322,60.0
3323,60.0
3324,50.0
3325,50.0
3326,50.0
3327,50.0
3328,50.0
3329,50.0
3330,50.0
3331,50.0
3332,50.0
3333,50.0
3334,50.0
3335,50.0
3336,50.0
3337,50.0
3338,50.0
3339,50.0
3340,50.0
3341,50.0
3342,50.0
3343,50.0
3344,50.0
3345,50.0
3346,50.0
3347,50.0
3348,50.0
3349,50.0
3350,50.0
3351,50.0
3352,50.0
3353,50.0
3354,50.0
3355,50.0
3356,50.0
3357,50.0
3358,50.0
3359,40.0
3360,50.0
3361,50.0
3362,50.0
3363,50.0
3364,50.0
3365,50.0
3366,50.0
3367,50.0
3368,50.0
3369,70.0
3370,70.0
3371,50.0
3372,50.0
3373,80.0
3374,60.0
3375,60.0
3376,60.0
3377,60.0
3378,80.0
3379,60.0
3380,80.0
3381,60.0
3382,60.0
3383,70.0
3384,90.0
3385,70.0
3386,90.0
3387,100.0
3388,70.0
3389,80.0
3390,90.0
3391,100.0
3392,100.0
3393,100.0
3394,100.0
3395,110.0
3396,100.0
3397,100.0
3398,100.0
3399,110.0
3400,110.0
3401,110.0
3402,100.0
3403,100.0
3404,100.0
3405,100.0
3406,100.0
3407,100.0
3408,90.0
3409,90.0
3410,90.0
3411,90.0
3412,90.0
3413,90.0
3414,80.0
3415,80.0
3416,90.0
3417,80.0
3418,80.0
3419,90.0
3420,90.0
3421,80.0
3422,70.0
3423,80.0
3424,70.0
3425,80.0
3426,80.0
3427,70.0
3428,70.0
3429,70.0
3430,80.0
3431,80.0
3432,70.0
3433,70.0
3434,70.0
3435,70.0
3436,70.0
3437,80.0
3438,80.0
3439,70.0
3440,70.0
3441,80.0
3442,70.0
3443,70.0
3444,70.0
3445,80.0
3446,70.0
3447,70.0
3448,80.0
3449,70.0
3450,70.0
3451,70.0
3452,80.0
3453,70.0
3454,70.0
3455,70.0
3456,70.0
3457,70.0
3458,70.0
3459,70.0
3460,70.0
3461,70.0
3462,60.0
3463,50.0
3464,50.0
3465,50.0
3466,50.0
3467,50.0
3468,40.0
3469,40.0
3470,40.0
3471,50.0
3472,50.0
3473,50.0
3474,50.0
3475,50.0
3476,50.0
3477,50.0
3478,50.0
3479,50.0
3480,50.0
3481,50.0
3482,50.0
3483,50.0
3484,50.0
3485,50.0
3486,50.0
3487,50.0
3488,50.0
3489,50.0
3490,50.0
3491,50.0
3492,50.0
3493,50.0
3494,50.0
3495,50.0
3496,50.0
3497,50.0
3498,50.0
3499,50.0
3500,50.0
3501,50.0
3502,50.0
3503,50.0
3504,50.0
3505,50.0
3506,50.0
3507,50.0
3508,50.0
3509,50.0
3510,70.0
3511,50.0
3512,50.0
3513,50.0
3514,50.0
3515,50.0
3516,60.0
3517,60.0
3518,60.0
3519,90.0
3520,80.0
3521,60.0
3522,80.0
3523,70.0
3524,90.0
3525,70.0
3526,60.0
3527,60.0
3528,110.0
3529,100.0
3530,70.0
3531,80.0
3532,70.0
3533,100.0
3534,90.0
3535,80.0
3536,120.0
3537,90.0
3538,100.0
3539,100.0
3540,100.0
3541,100.0
3542,100.0
3543,100.0
3544,100.0
3545,90.0
3546,90.0
3547,100.0
3548,100.0
3549,80.0
3550,100.0
3551,100.0
3552,90.0
3553,90.0
3554,100.0
3555,90.0
3556,80.0
3557,70.0
3558,80.0
3559,80.0
3560,80.0
3561,80.0
3562,80.0
3563,70.0
3564,80.0
3565,70.0
3566,80.0
3567,80.0
3568,90.0
3569,90.0
3570,80.0
3571,90.0
3572,80.0
3573,80.0
3574,80.0
3575,80.0
3576,90.0
3577,90.0
3578,100.0
3579,100.0
3580,90.0
3581,100.0
3582,100.0
3583,100.0
3584,100.0
3585,100.0
3586,100.0
3587,100.0
3588,100.0
3589,90.0
3590,90.0
3591,90.0
3592,90.0
3593,90.0
3594,80.0
3595,80.0
3596,80.0
3597,80.0
3598,80.0
3599,80.0
3600,70.0
3601,70.0
3602,70.0
3603,70.0
3604,70.0
3605,70.0
3606,50.0
3607,50.0
3608,50.0
3609,60.0
3610,60.0
3611,60.0
3612,50.0
3613,50.0
3614,50.0
3615,50.0
3616,50.0
3617,50.0
3618,50.0
3619,50.0
3620,50.0
3621,50.0
3622,50.0
3623,50.0
3624,50.0
3625,50.0
3626,50.0
3627,50.0
3628,50.0
3629,50.0
3630,50.0
3631,50.0
3632,50.0
3633,50.0
3634,50.0
3635,50.0
3636,50.0
3637,50.0
3638,50.0
3639,50.0
3640,50.0
3641,50.0
3642,60.0
3643,50.0
3644,60.0
3645,50.0
3646,50.0
3647,50.0
3648,50.0
3649,50.0
3650,50.0
3651,60.0
3652,50.0
3653,50.0
3654,50.0
3655,60.0
3656,50.0
3657,50.0
3658,60.0
3659,60.0
3660,50.0
3661,50.0
3662,50.0
3663,50.0
3664,60.0
3665,70.0
3666,60.0
3667,80.0
3668,80.0
3669,90.0
3670,90.0
3671,90.0
3672,70.0
3673,100.0
3674,90.0
3675,90.0
3676,90.0
3677,80.0
3678,100.0
3679,100.0
3680,100.0
3681,100.0
3682,100.0
3683,100.0
3684,90.0
3685,90.0
3686,100.0
3687,90.0
3688,100.0
3689,90.0
3690,100.0
3691,100.0
3692,100.0
3693,100.0
3694,100.0
3695,100.0
3696,90.0
3697,100.0
3698,90.0
3699,100.0
3700,90.0
3701,90.0
3702,80.0
3703,80.0
3704,80.0
3705,90.0
3706,80.0
3707,90.0
3708,80.0
3709,80.0
3710,80.0
3711,90.0
3712,80.0
3713,90.0
3714,70.0
3715,80.0
3716,80.0
3717,70.0
3718,70.0
3719,80.0
3720,70.0
3721,70.0
3722,70.0
3723,70.0
3724,70.0
3725,70.0
3726,70.0
3727,70.0
3728,80.0
3729,80.0
3730,70.0
3731,70.0
3732,70.0
3733,70.0
3734,70.0
3735,70.0
3736,70.0
3737,80.0
3738,70.0
3739,80.0
3740,80.0
3741,80.0
3742,80.0
3743,80.0
3744,70.0
3745,70.0
3746,70.0
3747,70.0
3748,70.0
3749,70.0
3750,50.0
3751,50.0
3752,50.0
3753,50.0
3754,50.0
3755,50.0
3756,40.0
3757,40.0
3758,40.0
3759,40.0
3760,40.0
3761,50.0
3762,50.0
3763,50.0
3764,50.0
3765,50.0
3766,50.0
3767,50.0
3768,50.0
3769,50.0
3770,50.0
3771,50.0
3772,50.0
3773,50.0
3774,50.0
3775,50.0
3776,50.0
3777,50.0
3778,50.0
3779,50.0
3780,50.0
3781,50.0
3782,50.0
3783,50.0
3784,50.0
3785,50.0
3786,50.0
3787,50.0
3788,50.0
3789,50.0
3790,50.0
3791,60.0
3792,60.0
3793,50.0
3794,50.0
3795,50.0
3796,50.0
3797,50.0
3798,50.0
3799,60.0
3800,60.0
3801,60.0
3802,50.0
3803,50.0
3804,50.0
3805,50.0
3806,60.0
3807,70.0
3808,50.0
3809,50.0
3810,70.0
3811,60.0
3812,70.0
3813,100.0
3814,90.0
3815,90.0
3816,110.0
3817,110.0
3818,110.0
3819,100.0
3820,120.0
3821,120.0
3822,120.0
3823,120.0
3824,120.0
3825,110.0
3826,110.0
3827,120.0
3828,120.0
3829,120.0
3830,110.0
3831,120.0
3832,110.0
3833,120.0
3834,100.0
3835,120.0
3836,100.0
3837,120.0
3838,110.0
3839,120.0
3840,100.0
3841,100.0
3842,110.0
3843,110.0
3844,100.0
3845,100.0
3846,100.0
3847,100.0
3848,100.0
3849,90.0
3850,90.0
3851,90.0
3852,90.0
3853,80.0
3854,80.0
3855,80.0
3856,90.0
3857,80.0
3858,80.0
3859,80.0
3860,80.0
3861,80.0
3862,80.0
3863,80.0
3864,80.0
3865,80.0
3866,70.0
3867,70.0
3868,70.0
3869,70.0
3870,70.0
3871,70.0
3872,70.0
3873,70.0
3874,70.0
3875,70.0
3876,70.0
3877,70.0
3878,70.0
3879,70.0
3880,70.0
3881,70.0
3882,70.0
3883,70.0
3884,70.0
3885,70.0
3886,70.0
3887,70.0
3888,70.0
3889,70.0
3890,70.0
3891,70.0
3892,70.0
3893,70.0
3894,60.0
3895,70.0
3896,70.0
3897,70.0
3898,70.0
3899,70.0
3900,70.0
3901,70.0
3902,60.0
3903,60.0
3904,60.0
3905,60.0
3906,50.0
3907,50.0
3908,50.0
3909,50.0
3910,50.0
3911,50.0
3912,50.0
3913,50.0
3914,50.0
3915,50.0
3916,50.0
3917,50.0
3918,60.0
3919,50.0
3920,50.0
3921,50.0
3922,50.0
3923,50.0
3924,50.0
3925,50.0
3926,50.0
3927,50.0
3928,50.0
3929,50.0
3930,50.0
3931,50.0
3932,50.0
3933,50.0
3934,50.0
3935,50.0
3936,70.0
3937,50.0
3938,60.0
3939,50.0
3940,50.0
3941,50.0
3942,50.0
3943,50.0
3944,50.0
3945,70.0
3946,50.0
3947,60.0
3948,70.0
3949,70.0
3950,60.0
3951,60.0
3952,80.0
3953,60.0
3954,90.0
3955,80.0
3956,80.0
3957,60.0
3958,80.0
3959,90.0
3960,90.0
3961,60.0
3962,90.0
3963,80.0
3964,90.0
3965,90.0
3966,110.0
3967,100.0
3968,100.0
3969,90.0
3970,90.0
3971,100.0
3972,80.0
3973,100.0
3974,100.0
3975,90.0
3976,90.0
3977,100.0
3978,100.0
3979,100.0
3980,100.0
3981,100.0
3982,90.0
3983,90.0
3984,80.0
3985,100.0
3986,100.0
3987,90.0
3988,80.0
3989,100.0
3990,80.0
3991,80.0
3992,80.0
3993,80.0
3994,90.0
3995,80.0
3996,80.0
3997,80.0
3998,70.0
3999,70.0
4000,80.0
4001,70.0
4002,70.0
4003,70.0
4004,70.0
4005,70.0
4006,70.0
4007,70.0
4008,80.0
4009,80.0
4010,90.0
4011,80.0
4012,80.0
4013,80.0
4014,80.0
4015,80.0
4016,80.0
4017,80.0
4018,80.0
4019,80.0
4020,80.0
4021,80.0
4022,80.0
4023,80.0
4024,80.0
4025,80.0
4026,80.0
4027,70.0
4028,70.0
4029,70.0
4030,70.0
4031,70.0
4032,70.0
4033,70.0
4034,80.0
4035,70.0
4036,80.0
4037,70.0
4038,70.0
4039,70.0
4040,70.0
4041,70.0
4042,70.0
4043,70.0
4044,70.0
4045,70.0
4046,70.0
4047,60.0
4048,60.0
4049,60.0
4050,50.0
4051,50.0
4052,50.0
4053,50.0
4054,60.0
4055,50.0
4056,50.0
4057,50.0
4058,60.0
4059,50.0
4060,50.0
4061,50.0
4062,50.0
4063,50.0
4064,50.0
4065,50.0
4066,50.0
4067,50.0
4068,50.0
4069,50.0
4070,50.0
4071,50.0
4072,50.0
4073,50.0
4074,50.0
4075,50.0
4076,50.0
4077,50.0
4078,50.0
4079,50.0
4080,50.0
4081,50.0
4082,50.0
4083,50.0
4084,50.0
4085,50.0
4086,60.0
4087,70.0
4088,50.0
4089,60.0
4090,60.0
4091,50.0
4092,60.0
4093,50.0
4094,50.0
4095,50.0
4096,50.0
4097,50.0
4098,60.0
4099,60.0
4100,80.0
4101,80.0
4102,80.0
4103,60.0
4104,70.0
4105,70.0
4106,100.0
4107,90.0
4108,100.0
4109,70.0
4110,70.0
4111,70.0
4112,80.0
4113,110.0
4114,100.0
4115,90.0
4116,90.0
4117,90.0
4118,90.0
4119,100.0
4120,100.0
4121,90.0
4122,90.0
4123,100.0
4124,90.0
4125,100.0
4126,90.0
4127,100.0
4128,80.0
4129,90.0
4130,90.0
4131,90.0
4132,90.0
4133,90.0
4134,80.0
4135,90.0
4136,80.0
4137,90.0
4138,90.0
4139,90.0
4140,90.0
4141,80.0
4142,80.0
4143,80.0
4144,90.0
4145,80.0
4146,80.0
4147,80.0
4148,80.0
4149,80.0
4150,80.0
4151,80.0
4152,80.0
4153,80.0
4154,80.0
4155,80.0
4156,80.0
4157,80.0
4158,80.0
4159,80.0
4160,80.0
4161,80.0
4162,70.0
4163,80.0
4164,70.0
4165,70.0
4166,70.0
4167,70.0
4168,70.0
4169,70.0
4170,70.0
4171,70.0
4172,70.0
4173,80.0
4174,70.0
4175,70.0
4176,70.0
4177,70.0
4178,70.0
4179,70.0
4180,70.0
4181,70.0
4182,60.0
4183,60.0
4184,60.0
4185,60.0
4186,60.0
4187,60.0
4188,50.0
4189,50.0
4190,50.0
4191,50.0
4192,50.0
4193,60.0
4194,50.0
4195,50.0
4196,50.0
4197,50.0
4198,50.0
4199,50.0
4200,50.0
4201,50.0
4202,50.0
4203,50.0
4204,50.0
4205,50.0
4206,50.0
4207,60.0
4208,50.0
4209,50.0
4210,50.0
4211,50.0
4212,50.0
4213,50.0
4214,50.0
4215,50.0
4216,50.0
4217,50.0
4218,50.0
4219,50.0
4220,50.0
4221,50.0
4222,50.0
4223,50.0
4224,50.0
4225,60.0
4226,50.0
4227,50.0
4228,50.0
4229,50.0
4230,50.0
4231,60.0
4232,50.0
4233,60.0
4234,50.0
4235,60.0
4236,60.0
4237,50.0
4238,50.0
4239,50.0
4240,60.0
4241,50.0
4242,50.0
4243,50.0
4244,60.0
4245,80.0
4246,60.0
4247,50.0
4248,80.0
4249,60.0
4250,60.0
4251,90.0
4252,90.0
4253,90.0
4254,90.0
4255,100.0
4256,90.0
4257,80.0
4258,100.0
4259,90.0
4260,90.0
4261,90.0
4262,100.0
4263,100.0
4264,100.0
4265,100.0
4266,100.0
4267,90.0
4268,100.0
4269,80.0
4270,100.0
4271,90.0
4272,80.0
4273,100.0
4274,80.0
4275,90.0
4276,90.0
4277,90.0
4278,80.0
4279,80.0
4280,90.0
4281,80.0
4282,80.0
4283,80.0
4284,80.0
4285,80.0
4286,80.0
4287,80.0
4288,80.0
4289,80.0
4290,80.0
4291,80.0
4292,80.0
4293,80.0
4294,70.0
4295,70.0
4296,80.0
4297,80.0
4298,80.0
4299,70.0
4300,70.0
4301,80.0
4302,70.0
4303,70.0
4304,70.0
4305,70.0
4306,70.0
4307,70.0
4308,70.0
4309,70.0
4310,80.0
4311,70.0
4312,70.0
4313,70.0
4314,70.0
4315,70.0
4316,80.0
4317,70.0
4318,70.0
4319,70.0
4320,70.0
4321,70.0
4322,70.0
4323,70.0
4324,70.0
4325,70.0
4326,60.0
4327,60.0
4328,60.0
4329,60.0
4330,60.0
4331,60.0
4332,50.0
4333,50.0
4334,40.0
4335,40.0
4336,40.0
4337,40.0
4338,40.0
4339,40.0
4340,40.0
4341,40.0
4342,40.0
4343,40.0
4344,40.0
4345,40.0
4346,40.0
4347,40.0
4348,40.0
4349,40.0
4350,40.0
4351,40.0
4352,40.0
4353,40.0
4354,40.0
4355,40.0
4356,40.0
4357,40.0
4358,40.0
4359,40.0
4360,40.0
4361,40.0
4362,40.0
4363,40.0
4364,40.0
4365,40.0
4366,40.0
4367,40.0
4368,50.0
4369,40.0
4370,50.0
4371,40.0
4372,40.0
4373,40.0
4374,60.0
